,factor,translation
co,3.20859811,-238.5287069
no2,2.83648165,-90.91557497
